"","Population","Individual","Num.Flwrs","Num.Seeds","Comments","Seeds_per_flower","Latitude","Longitude","Distance_to_core"
"1",1,2,13,19,NA,1.46153846153846,43.651374,-79.405525,2.09634395245024
"2",1,3,63,150,NA,2.38095238095238,43.651374,-79.405525,2.09634395245024
"3",1,4,60,158,NA,2.63333333333333,43.651374,-79.405525,2.09634395245024
"4",1,5,24,8,NA,0.333333333333333,43.651374,-79.405525,2.09634395245024
"5",1,6,17,21,NA,1.23529411764706,43.651374,-79.405525,2.09634395245024
"6",1,7,31,46,NA,1.48387096774194,43.651374,-79.405525,2.09634395245024
"7",1,8,29,30,NA,1.03448275862069,43.651374,-79.405525,2.09634395245024
"8",1,9,24,15,NA,0.625,43.651374,-79.405525,2.09634395245024
"9",1,10,31,50,NA,1.61290322580645,43.651374,-79.405525,2.09634395245024
"10",1,11,25,3,NA,0.12,43.651374,-79.405525,2.09634395245024
"11",1,12,24,36,NA,1.5,43.651374,-79.405525,2.09634395245024
"12",1,13,20,8,NA,0.4,43.651374,-79.405525,2.09634395245024
"13",1,14,27,111,NA,4.11111111111111,43.651374,-79.405525,2.09634395245024
"14",1,15,27,41,NA,1.51851851851852,43.651374,-79.405525,2.09634395245024
"15",1,16,16,33,NA,2.0625,43.651374,-79.405525,2.09634395245024
"16",1,17,31,21,NA,0.67741935483871,43.651374,-79.405525,2.09634395245024
"17",1,18,36,36,NA,1,43.651374,-79.405525,2.09634395245024
"18",1,19,16,14,NA,0.875,43.651374,-79.405525,2.09634395245024
"19",1,20,13,21,NA,1.61538461538462,43.651374,-79.405525,2.09634395245024
"20",2,1,29,57,NA,1.96551724137931,43.663683,-79.411443,2.64335811544691
"21",2,2,63,88,NA,1.3968253968254,43.663683,-79.411443,2.64335811544691
"22",2,3,51,59,NA,1.15686274509804,43.663683,-79.411443,2.64335811544691
"23",2,4,69,63,NA,0.91304347826087,43.663683,-79.411443,2.64335811544691
"24",2,5,57,115,NA,2.01754385964912,43.663683,-79.411443,2.64335811544691
"25",2,6,56,91,NA,1.625,43.663683,-79.411443,2.64335811544691
"26",2,7,38,39,NA,1.02631578947368,43.663683,-79.411443,2.64335811544691
"27",2,8,67,84,NA,1.25373134328358,43.663683,-79.411443,2.64335811544691
"28",2,9,77,128,NA,1.66233766233766,43.663683,-79.411443,2.64335811544691
"29",2,10,46,45,NA,0.978260869565217,43.663683,-79.411443,2.64335811544691
"30",2,11,43,93,NA,2.16279069767442,43.663683,-79.411443,2.64335811544691
"31",2,12,58,87,NA,1.5,43.663683,-79.411443,2.64335811544691
"32",2,13,47,98,NA,2.08510638297872,43.663683,-79.411443,2.64335811544691
"33",2,14,44,83,NA,1.88636363636364,43.663683,-79.411443,2.64335811544691
"34",2,15,74,107,NA,1.44594594594595,43.663683,-79.411443,2.64335811544691
"35",2,16,74,139,NA,1.87837837837838,43.663683,-79.411443,2.64335811544691
"36",2,17,56,103,NA,1.83928571428571,43.663683,-79.411443,2.64335811544691
"37",2,18,58,102,NA,1.75862068965517,43.663683,-79.411443,2.64335811544691
"38",2,19,65,129,NA,1.98461538461538,43.663683,-79.411443,2.64335811544691
"39",2,20,66,189,NA,2.86363636363636,43.663683,-79.411443,2.64335811544691
"40",3,1,51,51,NA,1,43.683698,-79.421095,4.49258632655147
"41",3,2,51,120,NA,2.35294117647059,43.683698,-79.421095,4.49258632655147
"42",3,3,43,64,NA,1.48837209302326,43.683698,-79.421095,4.49258632655147
"43",3,4,54,125,NA,2.31481481481481,43.683698,-79.421095,4.49258632655147
"44",3,5,60,68,NA,1.13333333333333,43.683698,-79.421095,4.49258632655147
"45",3,6,69,101,NA,1.46376811594203,43.683698,-79.421095,4.49258632655147
"46",3,7,50,49,NA,0.98,43.683698,-79.421095,4.49258632655147
"47",3,8,62,64,NA,1.03225806451613,43.683698,-79.421095,4.49258632655147
"48",3,9,57,65,NA,1.14035087719298,43.683698,-79.421095,4.49258632655147
"49",3,10,38,79,NA,2.07894736842105,43.683698,-79.421095,4.49258632655147
"50",3,11,43,104,NA,2.41860465116279,43.683698,-79.421095,4.49258632655147
"51",3,12,56,44,NA,0.785714285714286,43.683698,-79.421095,4.49258632655147
"52",3,13,60,145,NA,2.41666666666667,43.683698,-79.421095,4.49258632655147
"53",3,14,29,24,NA,0.827586206896552,43.683698,-79.421095,4.49258632655147
"54",3,15,27,26,NA,0.962962962962963,43.683698,-79.421095,4.49258632655147
"55",3,16,57,86,NA,1.50877192982456,43.683698,-79.421095,4.49258632655147
"56",3,17,50,25,NA,0.5,43.683698,-79.421095,4.49258632655147
"57",3,18,37,32,NA,0.864864864864865,43.683698,-79.421095,4.49258632655147
"58",3,19,62,36,NA,0.580645161290323,43.683698,-79.421095,4.49258632655147
"59",3,20,43,38,NA,0.883720930232558,43.683698,-79.421095,4.49258632655147
"60",4,1,12,13,NA,1.08333333333333,43.704239,-79.4265,6.51580762158397
"61",4,2,35,14,NA,0.4,43.704239,-79.4265,6.51580762158397
"62",4,3,32,33,NA,1.03125,43.704239,-79.4265,6.51580762158397
"63",4,4,19,7,NA,0.368421052631579,43.704239,-79.4265,6.51580762158397
"64",4,5,15,10,NA,0.666666666666667,43.704239,-79.4265,6.51580762158397
"65",4,6,35,6,NA,0.171428571428571,43.704239,-79.4265,6.51580762158397
"66",4,7,32,46,NA,1.4375,43.704239,-79.4265,6.51580762158397
"67",4,8,33,18,NA,0.545454545454545,43.704239,-79.4265,6.51580762158397
"68",4,9,22,6,NA,0.272727272727273,43.704239,-79.4265,6.51580762158397
"69",4,10,20,28,NA,1.4,43.704239,-79.4265,6.51580762158397
"70",4,11,29,12,NA,0.413793103448276,43.704239,-79.4265,6.51580762158397
"71",4,12,38,27,NA,0.710526315789474,43.704239,-79.4265,6.51580762158397
"72",4,14,18,32,NA,1.77777777777778,43.704239,-79.4265,6.51580762158397
"73",4,15,31,26,NA,0.838709677419355,43.704239,-79.4265,6.51580762158397
"74",4,16,23,37,NA,1.60869565217391,43.704239,-79.4265,6.51580762158397
"75",4,17,39,43,NA,1.1025641025641,43.704239,-79.4265,6.51580762158397
"76",4,18,26,8,NA,0.307692307692308,43.704239,-79.4265,6.51580762158397
"77",4,19,43,31,NA,0.720930232558139,43.704239,-79.4265,6.51580762158397
"78",4,20,22,55,NA,2.5,43.704239,-79.4265,6.51580762158397
"79",5,1,22,36,NA,1.63636363636364,43.722385,-79.426597,8.25724319404257
"80",5,2,21,14,NA,0.666666666666667,43.722385,-79.426597,8.25724319404257
"81",5,3,15,36,NA,2.4,43.722385,-79.426597,8.25724319404257
"82",5,4,38,78,NA,2.05263157894737,43.722385,-79.426597,8.25724319404257
"83",5,5,10,4,NA,0.4,43.722385,-79.426597,8.25724319404257
"84",5,6,27,23,NA,0.851851851851852,43.722385,-79.426597,8.25724319404257
"85",5,7,22,30,NA,1.36363636363636,43.722385,-79.426597,8.25724319404257
"86",5,8,44,46,NA,1.04545454545455,43.722385,-79.426597,8.25724319404257
"87",5,9,28,14,NA,0.5,43.722385,-79.426597,8.25724319404257
"88",5,10,15,12,NA,0.8,43.722385,-79.426597,8.25724319404257
"89",5,11,21,22,NA,1.04761904761905,43.722385,-79.426597,8.25724319404257
"90",5,12,34,23,NA,0.676470588235294,43.722385,-79.426597,8.25724319404257
"91",5,13,18,2,NA,0.111111111111111,43.722385,-79.426597,8.25724319404257
"92",5,14,10,5,NA,0.5,43.722385,-79.426597,8.25724319404257
"93",5,15,43,0,NA,0,43.722385,-79.426597,8.25724319404257
"94",5,16,47,146,NA,3.1063829787234,43.722385,-79.426597,8.25724319404257
"95",5,17,23,19,NA,0.826086956521739,43.722385,-79.426597,8.25724319404257
"96",5,18,46,104,NA,2.26086956521739,43.722385,-79.426597,8.25724319404257
"97",5,19,45,61,NA,1.35555555555556,43.722385,-79.426597,8.25724319404257
"98",5,20,30,32,NA,1.06666666666667,43.722385,-79.426597,8.25724319404257
"99",6,1,11,5,NA,0.454545454545455,43.713711,-79.466545,9.44096187583154
"100",6,2,17,15,NA,0.882352941176471,43.713711,-79.466545,9.44096187583154
"101",6,3,20,30,NA,1.5,43.713711,-79.466545,9.44096187583154
"102",6,4,19,14,NA,0.736842105263158,43.713711,-79.466545,9.44096187583154
"103",6,5,41,24,NA,0.585365853658537,43.713711,-79.466545,9.44096187583154
"104",6,6,30,2,NA,0.0666666666666667,43.713711,-79.466545,9.44096187583154
"105",6,7,17,5,NA,0.294117647058824,43.713711,-79.466545,9.44096187583154
"106",6,8,13,26,NA,2,43.713711,-79.466545,9.44096187583154
"107",6,9,11,11,NA,1,43.713711,-79.466545,9.44096187583154
"108",6,10,22,22,NA,1,43.713711,-79.466545,9.44096187583154
"109",6,11,19,16,NA,0.842105263157895,43.713711,-79.466545,9.44096187583154
"110",6,12,33,38,NA,1.15151515151515,43.713711,-79.466545,9.44096187583154
"111",6,13,17,1,NA,0.0588235294117647,43.713711,-79.466545,9.44096187583154
"112",6,14,12,13,NA,1.08333333333333,43.713711,-79.466545,9.44096187583154
"113",6,15,29,20,NA,0.689655172413793,43.713711,-79.466545,9.44096187583154
"114",6,16,36,29,NA,0.805555555555556,43.713711,-79.466545,9.44096187583154
"115",6,17,24,42,NA,1.75,43.713711,-79.466545,9.44096187583154
"116",6,18,45,22,NA,0.488888888888889,43.713711,-79.466545,9.44096187583154
"117",6,19,32,40,NA,1.25,43.713711,-79.466545,9.44096187583154
"118",6,20,21,20,NA,0.952380952380952,43.713711,-79.466545,9.44096187583154
"119",7,1,30,0,NA,0,43.70646,-79.486262,10.1962966704745
"120",7,2,23,9,NA,0.391304347826087,43.70646,-79.486262,10.1962966704745
"121",7,3,27,38,NA,1.40740740740741,43.70646,-79.486262,10.1962966704745
"122",7,4,32,26,NA,0.8125,43.70646,-79.486262,10.1962966704745
"123",7,5,14,6,NA,0.428571428571429,43.70646,-79.486262,10.1962966704745
"124",7,6,22,10,NA,0.454545454545455,43.70646,-79.486262,10.1962966704745
"125",7,7,33,34,NA,1.03030303030303,43.70646,-79.486262,10.1962966704745
"126",7,8,25,39,NA,1.56,43.70646,-79.486262,10.1962966704745
"127",7,9,37,37,NA,1,43.70646,-79.486262,10.1962966704745
"128",7,10,22,5,NA,0.227272727272727,43.70646,-79.486262,10.1962966704745
"129",7,11,23,5,NA,0.217391304347826,43.70646,-79.486262,10.1962966704745
"130",7,12,27,9,NA,0.333333333333333,43.70646,-79.486262,10.1962966704745
"131",7,13,30,28,NA,0.933333333333333,43.70646,-79.486262,10.1962966704745
"132",7,14,31,18,NA,0.580645161290323,43.70646,-79.486262,10.1962966704745
"133",7,15,13,3,NA,0.230769230769231,43.70646,-79.486262,10.1962966704745
"134",7,16,28,23,NA,0.821428571428571,43.70646,-79.486262,10.1962966704745
"135",7,17,30,15,NA,0.5,43.70646,-79.486262,10.1962966704745
"136",7,18,30,17,NA,0.566666666666667,43.70646,-79.486262,10.1962966704745
"137",7,19,32,7,NA,0.21875,43.70646,-79.486262,10.1962966704745
"138",7,20,44,24,NA,0.545454545454545,43.70646,-79.486262,10.1962966704745
"139",8,1,14,26,NA,1.85714285714286,43.701041,-79.511142,11.6485373708646
"140",8,2,31,60,NA,1.93548387096774,43.701041,-79.511142,11.6485373708646
"141",8,3,19,39,NA,2.05263157894737,43.701041,-79.511142,11.6485373708646
"142",8,4,38,62,NA,1.63157894736842,43.701041,-79.511142,11.6485373708646
"143",8,5,24,26,NA,1.08333333333333,43.701041,-79.511142,11.6485373708646
"144",8,6,31,61,NA,1.96774193548387,43.701041,-79.511142,11.6485373708646
"145",8,7,22,29,NA,1.31818181818182,43.701041,-79.511142,11.6485373708646
"146",8,9,35,58,NA,1.65714285714286,43.701041,-79.511142,11.6485373708646
"147",8,10,18,29,NA,1.61111111111111,43.701041,-79.511142,11.6485373708646
"148",8,11,26,8,NA,0.307692307692308,43.701041,-79.511142,11.6485373708646
"149",8,12,35,51,NA,1.45714285714286,43.701041,-79.511142,11.6485373708646
"150",8,13,21,36,NA,1.71428571428571,43.701041,-79.511142,11.6485373708646
"151",8,14,44,90,NA,2.04545454545455,43.701041,-79.511142,11.6485373708646
"152",8,15,19,48,NA,2.52631578947368,43.701041,-79.511142,11.6485373708646
"153",8,16,38,86,NA,2.26315789473684,43.701041,-79.511142,11.6485373708646
"154",8,17,23,24,NA,1.04347826086957,43.701041,-79.511142,11.6485373708646
"155",8,18,39,108,NA,2.76923076923077,43.701041,-79.511142,11.6485373708646
"156",8,19,38,35,NA,0.921052631578947,43.701041,-79.511142,11.6485373708646
"157",8,20,24,12,NA,0.5,43.701041,-79.511142,11.6485373708646
"158",9,1,20,19,NA,0.95,43.693306,-79.538379,13.3695771656054
"159",9,2,32,12,NA,0.375,43.693306,-79.538379,13.3695771656054
"160",9,3,26,5,NA,0.192307692307692,43.693306,-79.538379,13.3695771656054
"161",9,4,16,0,NA,0,43.693306,-79.538379,13.3695771656054
"162",9,5,11,7,NA,0.636363636363636,43.693306,-79.538379,13.3695771656054
"163",9,6,31,41,NA,1.32258064516129,43.693306,-79.538379,13.3695771656054
"164",9,7,22,38,NA,1.72727272727273,43.693306,-79.538379,13.3695771656054
"165",9,8,15,21,NA,1.4,43.693306,-79.538379,13.3695771656054
"166",9,9,34,45,NA,1.32352941176471,43.693306,-79.538379,13.3695771656054
"167",9,10,24,31,NA,1.29166666666667,43.693306,-79.538379,13.3695771656054
"168",9,11,36,49,NA,1.36111111111111,43.693306,-79.538379,13.3695771656054
"169",9,12,32,40,NA,1.25,43.693306,-79.538379,13.3695771656054
"170",9,13,29,19,NA,0.655172413793103,43.693306,-79.538379,13.3695771656054
"171",9,14,41,43,NA,1.04878048780488,43.693306,-79.538379,13.3695771656054
"172",9,15,23,32,NA,1.39130434782609,43.693306,-79.538379,13.3695771656054
"173",9,16,56,79,NA,1.41071428571429,43.693306,-79.538379,13.3695771656054
"174",9,17,20,0,NA,0,43.693306,-79.538379,13.3695771656054
"175",9,18,29,0,NA,0,43.693306,-79.538379,13.3695771656054
"176",9,19,16,23,NA,1.4375,43.693306,-79.538379,13.3695771656054
"177",9,20,31,35,NA,1.12903225806452,43.693306,-79.538379,13.3695771656054
"178",10,1,64,151,NA,2.359375,43.686228,-79.561726,14.9715218671801
"179",10,2,22,8,NA,0.363636363636364,43.686228,-79.561726,14.9715218671801
"180",10,3,26,34,NA,1.30769230769231,43.686228,-79.561726,14.9715218671801
"181",10,4,36,87,NA,2.41666666666667,43.686228,-79.561726,14.9715218671801
"182",10,5,5,3,NA,0.6,43.686228,-79.561726,14.9715218671801
"183",10,6,24,50,NA,2.08333333333333,43.686228,-79.561726,14.9715218671801
"184",10,7,10,10,NA,1,43.686228,-79.561726,14.9715218671801
"185",10,8,22,66,NA,3,43.686228,-79.561726,14.9715218671801
"186",10,9,23,36,NA,1.56521739130435,43.686228,-79.561726,14.9715218671801
"187",10,10,14,17,NA,1.21428571428571,43.686228,-79.561726,14.9715218671801
"188",10,11,31,50,NA,1.61290322580645,43.686228,-79.561726,14.9715218671801
"189",10,12,26,54,NA,2.07692307692308,43.686228,-79.561726,14.9715218671801
"190",10,13,36,76,NA,2.11111111111111,43.686228,-79.561726,14.9715218671801
"191",10,14,46,103,NA,2.23913043478261,43.686228,-79.561726,14.9715218671801
"192",10,15,34,21,NA,0.617647058823529,43.686228,-79.561726,14.9715218671801
"193",10,16,38,82,NA,2.15789473684211,43.686228,-79.561726,14.9715218671801
"194",10,17,28,29,NA,1.03571428571429,43.686228,-79.561726,14.9715218671801
"195",10,18,32,45,NA,1.40625,43.686228,-79.561726,14.9715218671801
"196",10,19,21,36,NA,1.71428571428571,43.686228,-79.561726,14.9715218671801
"197",10,20,28,26,NA,0.928571428571429,43.686228,-79.561726,14.9715218671801
"198",11,1,45,51,NA,1.13333333333333,43.663863,-79.585551,16.5337388446364
"199",11,2,36,116,NA,3.22222222222222,43.663863,-79.585551,16.5337388446364
"200",11,3,57,282,NA,4.94736842105263,43.663863,-79.585551,16.5337388446364
"201",11,4,58,132,NA,2.27586206896552,43.663863,-79.585551,16.5337388446364
"202",11,5,18,24,NA,1.33333333333333,43.663863,-79.585551,16.5337388446364
"203",11,6,16,31,NA,1.9375,43.663863,-79.585551,16.5337388446364
"204",11,7,37,92,NA,2.48648648648649,43.663863,-79.585551,16.5337388446364
"205",11,8,13,0,NA,0,43.663863,-79.585551,16.5337388446364
"206",11,9,28,137,NA,4.89285714285714,43.663863,-79.585551,16.5337388446364
"207",11,10,43,85,NA,1.97674418604651,43.663863,-79.585551,16.5337388446364
"208",11,11,40,107,NA,2.675,43.663863,-79.585551,16.5337388446364
"209",11,12,27,73,NA,2.7037037037037,43.663863,-79.585551,16.5337388446364
"210",11,13,20,67,NA,3.35,43.663863,-79.585551,16.5337388446364
"211",11,14,22,11,NA,0.5,43.663863,-79.585551,16.5337388446364
"212",11,15,47,107,NA,2.27659574468085,43.663863,-79.585551,16.5337388446364
"213",11,16,43,58,NA,1.34883720930233,43.663863,-79.585551,16.5337388446364
"214",11,17,16,17,NA,1.0625,43.663863,-79.585551,16.5337388446364
"215",11,18,33,68,NA,2.06060606060606,43.663863,-79.585551,16.5337388446364
"216",11,19,44,117,NA,2.65909090909091,43.663863,-79.585551,16.5337388446364
"217",11,20,21,31,NA,1.47619047619048,43.663863,-79.585551,16.5337388446364
"218",12,1,28,28,NA,1,43.652785,-79.610406,18.5159989215323
"219",12,2,16,26,NA,1.625,43.652785,-79.610406,18.5159989215323
"220",12,3,24,24,NA,1,43.652785,-79.610406,18.5159989215323
"221",12,4,25,15,NA,0.6,43.652785,-79.610406,18.5159989215323
"222",12,5,21,26,NA,1.23809523809524,43.652785,-79.610406,18.5159989215323
"223",12,6,16,26,NA,1.625,43.652785,-79.610406,18.5159989215323
"224",12,7,31,47,NA,1.51612903225806,43.652785,-79.610406,18.5159989215323
"225",12,8,37,64,NA,1.72972972972973,43.652785,-79.610406,18.5159989215323
"226",12,9,8,20,NA,2.5,43.652785,-79.610406,18.5159989215323
"227",12,10,36,81,NA,2.25,43.652785,-79.610406,18.5159989215323
"228",12,11,20,23,NA,1.15,43.652785,-79.610406,18.5159989215323
"229",12,12,17,20,NA,1.17647058823529,43.652785,-79.610406,18.5159989215323
"230",12,13,24,17,NA,0.708333333333333,43.652785,-79.610406,18.5159989215323
"231",12,14,28,17,NA,0.607142857142857,43.652785,-79.610406,18.5159989215323
"232",12,15,26,38,NA,1.46153846153846,43.652785,-79.610406,18.5159989215323
"233",12,16,25,14,NA,0.56,43.652785,-79.610406,18.5159989215323
"234",12,17,18,29,NA,1.61111111111111,43.652785,-79.610406,18.5159989215323
"235",12,18,17,27,NA,1.58823529411765,43.652785,-79.610406,18.5159989215323
"236",12,19,16,12,NA,0.75,43.652785,-79.610406,18.5159989215323
"237",12,20,8,7,NA,0.875,43.652785,-79.610406,18.5159989215323
"238",13,1,6,10,NA,1.66666666666667,43.641963,-79.631233,20.2508101916136
"239",13,2,26,27,NA,1.03846153846154,43.641963,-79.631233,20.2508101916136
"240",13,3,55,111,NA,2.01818181818182,43.641963,-79.631233,20.2508101916136
"241",13,4,41,14,NA,0.341463414634146,43.641963,-79.631233,20.2508101916136
"242",13,5,50,80,NA,1.6,43.641963,-79.631233,20.2508101916136
"243",13,6,58,48,NA,0.827586206896552,43.641963,-79.631233,20.2508101916136
"244",13,7,51,47,NA,0.92156862745098,43.641963,-79.631233,20.2508101916136
"245",13,8,42,58,NA,1.38095238095238,43.641963,-79.631233,20.2508101916136
"246",13,9,16,5,NA,0.3125,43.641963,-79.631233,20.2508101916136
"247",13,10,25,10,NA,0.4,43.641963,-79.631233,20.2508101916136
"248",13,11,61,63,NA,1.0327868852459,43.641963,-79.631233,20.2508101916136
"249",13,12,36,7,NA,0.194444444444444,43.641963,-79.631233,20.2508101916136
"250",13,13,34,27,NA,0.794117647058823,43.641963,-79.631233,20.2508101916136
"251",13,14,24,6,NA,0.25,43.641963,-79.631233,20.2508101916136
"252",13,15,17,2,NA,0.117647058823529,43.641963,-79.631233,20.2508101916136
"253",13,16,23,21,NA,0.91304347826087,43.641963,-79.631233,20.2508101916136
"254",13,17,50,40,NA,0.8,43.641963,-79.631233,20.2508101916136
"255",13,18,13,0,NA,0,43.641963,-79.631233,20.2508101916136
"256",13,19,19,7,NA,0.368421052631579,43.641963,-79.631233,20.2508101916136
"257",13,20,39,12,NA,0.307692307692308,43.641963,-79.631233,20.2508101916136
"258",14,1,32,108,NA,3.375,43.627471,-79.65002,21.9361160761103
"259",14,2,57,128,NA,2.24561403508772,43.627471,-79.65002,21.9361160761103
"260",14,3,44,104,NA,2.36363636363636,43.627471,-79.65002,21.9361160761103
"261",14,4,38,37,NA,0.973684210526316,43.627471,-79.65002,21.9361160761103
"262",14,5,51,102,NA,2,43.627471,-79.65002,21.9361160761103
"263",14,6,50,40,NA,0.8,43.627471,-79.65002,21.9361160761103
"264",14,7,48,143,NA,2.97916666666667,43.627471,-79.65002,21.9361160761103
"265",14,8,56,151,NA,2.69642857142857,43.627471,-79.65002,21.9361160761103
"266",14,9,39,134,NA,3.43589743589744,43.627471,-79.65002,21.9361160761103
"267",14,10,39,85,NA,2.17948717948718,43.627471,-79.65002,21.9361160761103
"268",14,11,34,44,NA,1.29411764705882,43.627471,-79.65002,21.9361160761103
"269",14,12,74,164,NA,2.21621621621622,43.627471,-79.65002,21.9361160761103
"270",14,13,47,122,NA,2.59574468085106,43.627471,-79.65002,21.9361160761103
"271",14,14,31,58,NA,1.87096774193548,43.627471,-79.65002,21.9361160761103
"272",14,15,79,178,NA,2.25316455696203,43.627471,-79.65002,21.9361160761103
"273",14,16,36,71,NA,1.97222222222222,43.627471,-79.65002,21.9361160761103
"274",14,17,50,145,NA,2.9,43.627471,-79.65002,21.9361160761103
"275",14,18,52,219,NA,4.21153846153846,43.627471,-79.65002,21.9361160761103
"276",14,19,58,91,NA,1.56896551724138,43.627471,-79.65002,21.9361160761103
"277",14,20,33,69,NA,2.09090909090909,43.627471,-79.65002,21.9361160761103
"278",15,1,35,22,NA,0.628571428571429,43.616903,-79.669317,23.6635879977057
"279",15,2,30,21,NA,0.7,43.616903,-79.669317,23.6635879977057
"280",15,3,43,17,NA,0.395348837209302,43.616903,-79.669317,23.6635879977057
"281",15,4,27,32,NA,1.18518518518519,43.616903,-79.669317,23.6635879977057
"282",15,5,67,50,NA,0.746268656716418,43.616903,-79.669317,23.6635879977057
"283",15,6,66,81,NA,1.22727272727273,43.616903,-79.669317,23.6635879977057
"284",15,7,21,26,NA,1.23809523809524,43.616903,-79.669317,23.6635879977057
"285",15,8,32,13,NA,0.40625,43.616903,-79.669317,23.6635879977057
"286",15,9,17,10,NA,0.588235294117647,43.616903,-79.669317,23.6635879977057
"287",15,10,17,10,NA,0.588235294117647,43.616903,-79.669317,23.6635879977057
"288",15,11,20,8,NA,0.4,43.616903,-79.669317,23.6635879977057
"289",15,12,46,30,NA,0.652173913043478,43.616903,-79.669317,23.6635879977057
"290",15,13,29,28,NA,0.96551724137931,43.616903,-79.669317,23.6635879977057
"291",15,14,41,26,NA,0.634146341463415,43.616903,-79.669317,23.6635879977057
"292",15,15,21,2,NA,0.0952380952380952,43.616903,-79.669317,23.6635879977057
"293",15,16,22,37,NA,1.68181818181818,43.616903,-79.669317,23.6635879977057
"294",15,17,29,41,NA,1.41379310344828,43.616903,-79.669317,23.6635879977057
"295",15,18,21,18,NA,0.857142857142857,43.616903,-79.669317,23.6635879977057
"296",15,19,61,52,NA,0.852459016393443,43.616903,-79.669317,23.6635879977057
"297",16,1,48,65,NA,1.35416666666667,43.61094,-79.688052,25.2715940721426
"298",16,2,37,48,NA,1.2972972972973,43.61094,-79.688052,25.2715940721426
"299",16,3,34,47,NA,1.38235294117647,43.61094,-79.688052,25.2715940721426
"300",16,4,45,51,NA,1.13333333333333,43.61094,-79.688052,25.2715940721426
"301",16,5,29,19,NA,0.655172413793103,43.61094,-79.688052,25.2715940721426
"302",16,6,17,15,NA,0.882352941176471,43.61094,-79.688052,25.2715940721426
"303",16,7,27,19,NA,0.703703703703704,43.61094,-79.688052,25.2715940721426
"304",16,8,25,19,NA,0.76,43.61094,-79.688052,25.2715940721426
"305",16,9,21,15,NA,0.714285714285714,43.61094,-79.688052,25.2715940721426
"306",16,10,51,21,NA,0.411764705882353,43.61094,-79.688052,25.2715940721426
"307",16,11,42,29,NA,0.69047619047619,43.61094,-79.688052,25.2715940721426
"308",16,12,32,65,NA,2.03125,43.61094,-79.688052,25.2715940721426
"309",16,13,48,59,NA,1.22916666666667,43.61094,-79.688052,25.2715940721426
"310",16,14,36,11,NA,0.305555555555556,43.61094,-79.688052,25.2715940721426
"311",16,15,32,25,NA,0.78125,43.61094,-79.688052,25.2715940721426
"312",16,16,27,5,NA,0.185185185185185,43.61094,-79.688052,25.2715940721426
"313",16,17,25,15,NA,0.6,43.61094,-79.688052,25.2715940721426
"314",16,18,39,6,NA,0.153846153846154,43.61094,-79.688052,25.2715940721426
"315",16,19,37,25,NA,0.675675675675676,43.61094,-79.688052,25.2715940721426
"316",16,20,67,60,NA,0.895522388059702,43.61094,-79.688052,25.2715940721426
"317",17,1,50,107,NA,2.14,43.58858,-79.69878,26.7126042135414
"318",17,2,28,47,NA,1.67857142857143,43.58858,-79.69878,26.7126042135414
"319",17,3,40,11,NA,0.275,43.58858,-79.69878,26.7126042135414
"320",17,4,51,44,NA,0.862745098039216,43.58858,-79.69878,26.7126042135414
"321",17,5,43,60,NA,1.3953488372093,43.58858,-79.69878,26.7126042135414
"322",17,6,53,75,NA,1.41509433962264,43.58858,-79.69878,26.7126042135414
"323",17,7,21,30,NA,1.42857142857143,43.58858,-79.69878,26.7126042135414
"324",17,8,34,37,NA,1.08823529411765,43.58858,-79.69878,26.7126042135414
"325",17,9,19,20,NA,1.05263157894737,43.58858,-79.69878,26.7126042135414
"326",17,10,28,14,NA,0.5,43.58858,-79.69878,26.7126042135414
"327",17,11,30,16,NA,0.533333333333333,43.58858,-79.69878,26.7126042135414
"328",17,12,18,11,NA,0.611111111111111,43.58858,-79.69878,26.7126042135414
"329",17,13,12,3,NA,0.25,43.58858,-79.69878,26.7126042135414
"330",17,14,30,13,NA,0.433333333333333,43.58858,-79.69878,26.7126042135414
"331",17,15,37,41,NA,1.10810810810811,43.58858,-79.69878,26.7126042135414
"332",17,16,69,66,NA,0.956521739130435,43.58858,-79.69878,26.7126042135414
"333",17,17,42,16,NA,0.380952380952381,43.58858,-79.69878,26.7126042135414
"334",17,18,45,125,NA,2.77777777777778,43.58858,-79.69878,26.7126042135414
"335",17,19,55,101,NA,1.83636363636364,43.58858,-79.69878,26.7126042135414
"336",17,20,24,10,NA,0.416666666666667,43.58858,-79.69878,26.7126042135414
"337",18,1,18,3,NA,0.166666666666667,43.565262,-79.700181,27.6635361598796
"338",18,2,8,2,NA,0.25,43.565262,-79.700181,27.6635361598796
"339",18,3,29,0,NA,0,43.565262,-79.700181,27.6635361598796
"340",18,4,32,24,NA,0.75,43.565262,-79.700181,27.6635361598796
"341",18,5,20,7,NA,0.35,43.565262,-79.700181,27.6635361598796
"342",18,6,30,0,NA,0,43.565262,-79.700181,27.6635361598796
"343",18,7,32,51,NA,1.59375,43.565262,-79.700181,27.6635361598796
"344",18,8,16,22,NA,1.375,43.565262,-79.700181,27.6635361598796
"345",18,9,6,2,NA,0.333333333333333,43.565262,-79.700181,27.6635361598796
"346",18,10,55,40,NA,0.727272727272727,43.565262,-79.700181,27.6635361598796
"347",18,11,19,13,NA,0.684210526315789,43.565262,-79.700181,27.6635361598796
"348",18,12,33,56,NA,1.6969696969697,43.565262,-79.700181,27.6635361598796
"349",18,13,20,24,NA,1.2,43.565262,-79.700181,27.6635361598796
"350",18,14,28,22,NA,0.785714285714286,43.565262,-79.700181,27.6635361598796
"351",18,15,9,5,NA,0.555555555555556,43.565262,-79.700181,27.6635361598796
"352",18,16,20,15,NA,0.75,43.565262,-79.700181,27.6635361598796
"353",18,17,19,35,NA,1.84210526315789,43.565262,-79.700181,27.6635361598796
"354",18,18,17,9,NA,0.529411764705882,43.565262,-79.700181,27.6635361598796
"355",18,19,14,7,NA,0.5,43.565262,-79.700181,27.6635361598796
"356",18,20,36,21,NA,0.583333333333333,43.565262,-79.700181,27.6635361598796
"357",19,1,18,28,NA,1.55555555555556,43.546982,-79.720703,29.9753943016177
"358",19,2,13,3,NA,0.230769230769231,43.546982,-79.720703,29.9753943016177
"359",19,3,13,2,NA,0.153846153846154,43.546982,-79.720703,29.9753943016177
"360",19,4,32,32,NA,1,43.546982,-79.720703,29.9753943016177
"361",19,5,17,21,NA,1.23529411764706,43.546982,-79.720703,29.9753943016177
"362",19,6,23,13,NA,0.565217391304348,43.546982,-79.720703,29.9753943016177
"363",19,7,43,61,NA,1.41860465116279,43.546982,-79.720703,29.9753943016177
"364",19,8,25,33,NA,1.32,43.546982,-79.720703,29.9753943016177
"365",19,9,25,3,NA,0.12,43.546982,-79.720703,29.9753943016177
"366",19,10,20,26,NA,1.3,43.546982,-79.720703,29.9753943016177
"367",19,11,16,5,NA,0.3125,43.546982,-79.720703,29.9753943016177
"368",19,12,23,25,NA,1.08695652173913,43.546982,-79.720703,29.9753943016177
"369",19,13,31,21,NA,0.67741935483871,43.546982,-79.720703,29.9753943016177
"370",19,14,29,24,NA,0.827586206896552,43.546982,-79.720703,29.9753943016177
"371",19,15,26,15,NA,0.576923076923077,43.546982,-79.720703,29.9753943016177
"372",19,16,18,1,NA,0.0555555555555556,43.546982,-79.720703,29.9753943016177
"373",19,17,25,20,NA,0.8,43.546982,-79.720703,29.9753943016177
"374",19,18,33,24,NA,0.727272727272727,43.546982,-79.720703,29.9753943016177
"375",19,19,30,7,NA,0.233333333333333,43.546982,-79.720703,29.9753943016177
"376",19,20,31,4,NA,0.129032258064516,43.546982,-79.720703,29.9753943016177
"377",20,1,18,33,NA,1.83333333333333,43.518649,-79.75084,33.529691692559
"378",20,2,10,14,NA,1.4,43.518649,-79.75084,33.529691692559
"379",20,3,36,55,NA,1.52777777777778,43.518649,-79.75084,33.529691692559
"380",20,4,38,19,NA,0.5,43.518649,-79.75084,33.529691692559
"381",20,5,32,23,NA,0.71875,43.518649,-79.75084,33.529691692559
"382",20,6,15,11,NA,0.733333333333333,43.518649,-79.75084,33.529691692559
"383",20,7,38,35,NA,0.921052631578947,43.518649,-79.75084,33.529691692559
"384",20,8,35,31,NA,0.885714285714286,43.518649,-79.75084,33.529691692559
"385",20,9,7,5,NA,0.714285714285714,43.518649,-79.75084,33.529691692559
"386",20,10,35,16,NA,0.457142857142857,43.518649,-79.75084,33.529691692559
"387",20,11,11,3,NA,0.272727272727273,43.518649,-79.75084,33.529691692559
"388",20,12,21,9,NA,0.428571428571429,43.518649,-79.75084,33.529691692559
"389",20,13,15,5,NA,0.333333333333333,43.518649,-79.75084,33.529691692559
"390",20,14,14,15,NA,1.07142857142857,43.518649,-79.75084,33.529691692559
"391",20,15,38,58,NA,1.52631578947368,43.518649,-79.75084,33.529691692559
"392",20,16,8,8,NA,1,43.518649,-79.75084,33.529691692559
"393",20,17,18,2,NA,0.111111111111111,43.518649,-79.75084,33.529691692559
"394",20,18,49,30,NA,0.612244897959184,43.518649,-79.75084,33.529691692559
"395",20,19,21,3,NA,0.142857142857143,43.518649,-79.75084,33.529691692559
"396",20,20,43,24,NA,0.558139534883721,43.518649,-79.75084,33.529691692559
"397",21,1,32,24,NA,0.75,43.501561,-79.759063,35.0166361394514
"398",21,2,26,5,NA,0.192307692307692,43.501561,-79.759063,35.0166361394514
"399",21,3,25,4,NA,0.16,43.501561,-79.759063,35.0166361394514
"400",21,4,15,6,NA,0.4,43.501561,-79.759063,35.0166361394514
"401",21,5,17,4,NA,0.235294117647059,43.501561,-79.759063,35.0166361394514
"402",21,6,16,3,NA,0.1875,43.501561,-79.759063,35.0166361394514
"403",21,7,40,19,NA,0.475,43.501561,-79.759063,35.0166361394514
"404",21,8,14,3,NA,0.214285714285714,43.501561,-79.759063,35.0166361394514
"405",21,9,30,15,NA,0.5,43.501561,-79.759063,35.0166361394514
"406",21,10,37,41,NA,1.10810810810811,43.501561,-79.759063,35.0166361394514
"407",21,11,28,21,NA,0.75,43.501561,-79.759063,35.0166361394514
"408",21,12,16,19,NA,1.1875,43.501561,-79.759063,35.0166361394514
"409",21,13,20,4,NA,0.2,43.501561,-79.759063,35.0166361394514
"410",21,14,19,1,NA,0.0526315789473684,43.501561,-79.759063,35.0166361394514
"411",21,15,35,18,NA,0.514285714285714,43.501561,-79.759063,35.0166361394514
"412",21,16,30,0,NA,0,43.501561,-79.759063,35.0166361394514
"413",21,17,14,0,NA,0,43.501561,-79.759063,35.0166361394514
"414",21,18,35,15,NA,0.428571428571429,43.501561,-79.759063,35.0166361394514
"415",21,19,17,6,NA,0.352941176470588,43.501561,-79.759063,35.0166361394514
"416",21,20,18,7,NA,0.388888888888889,43.501561,-79.759063,35.0166361394514
"417",22,1,19,4,NA,0.210526315789474,43.479071,-79.761802,36.4997112536466
"418",22,2,20,5,NA,0.25,43.479071,-79.761802,36.4997112536466
"419",22,3,41,50,NA,1.21951219512195,43.479071,-79.761802,36.4997112536466
"420",22,4,43,44,NA,1.02325581395349,43.479071,-79.761802,36.4997112536466
"421",22,5,31,50,NA,1.61290322580645,43.479071,-79.761802,36.4997112536466
"422",22,6,51,41,NA,0.803921568627451,43.479071,-79.761802,36.4997112536466
"423",22,7,29,8,NA,0.275862068965517,43.479071,-79.761802,36.4997112536466
"424",22,8,15,12,NA,0.8,43.479071,-79.761802,36.4997112536466
"425",22,9,48,56,NA,1.16666666666667,43.479071,-79.761802,36.4997112536466
"426",22,10,42,34,NA,0.80952380952381,43.479071,-79.761802,36.4997112536466
"427",22,11,44,65,NA,1.47727272727273,43.479071,-79.761802,36.4997112536466
"428",22,12,51,6,NA,0.117647058823529,43.479071,-79.761802,36.4997112536466
"429",22,13,79,37,NA,0.468354430379747,43.479071,-79.761802,36.4997112536466
"430",22,14,40,13,NA,0.325,43.479071,-79.761802,36.4997112536466
"431",22,15,23,5,NA,0.217391304347826,43.479071,-79.761802,36.4997112536466
"432",22,16,27,15,NA,0.555555555555556,43.479071,-79.761802,36.4997112536466
"433",22,17,19,11,NA,0.578947368421053,43.479071,-79.761802,36.4997112536466
"434",22,18,32,35,NA,1.09375,43.479071,-79.761802,36.4997112536466
"435",22,19,14,0,NA,0,43.479071,-79.761802,36.4997112536466
"436",22,20,25,29,NA,1.16,43.479071,-79.761802,36.4997112536466
"437",23,1,33,68,NA,2.06060606060606,43.453719,-79.757534,37.8223043866628
"438",23,2,40,91,NA,2.275,43.453719,-79.757534,37.8223043866628
"439",23,3,18,41,NA,2.27777777777778,43.453719,-79.757534,37.8223043866628
"440",23,4,42,15,NA,0.357142857142857,43.453719,-79.757534,37.8223043866628
"441",23,5,4,5,NA,1.25,43.453719,-79.757534,37.8223043866628
"442",23,6,30,66,NA,2.2,43.453719,-79.757534,37.8223043866628
"443",23,7,46,102,NA,2.21739130434783,43.453719,-79.757534,37.8223043866628
"444",23,8,69,106,NA,1.53623188405797,43.453719,-79.757534,37.8223043866628
"445",23,9,4,7,NA,1.75,43.453719,-79.757534,37.8223043866628
"446",23,10,9,0,NA,0,43.453719,-79.757534,37.8223043866628
"447",23,11,46,60,NA,1.30434782608696,43.453719,-79.757534,37.8223043866628
"448",23,12,20,13,NA,0.65,43.453719,-79.757534,37.8223043866628
"449",23,13,20,38,NA,1.9,43.453719,-79.757534,37.8223043866628
"450",23,14,15,7,NA,0.466666666666667,43.453719,-79.757534,37.8223043866628
"451",23,15,14,0,NA,0,43.453719,-79.757534,37.8223043866628
"452",23,16,35,26,NA,0.742857142857143,43.453719,-79.757534,37.8223043866628
"453",23,17,13,24,NA,1.84615384615385,43.453719,-79.757534,37.8223043866628
"454",23,18,53,56,NA,1.05660377358491,43.453719,-79.757534,37.8223043866628
"455",23,19,18,0,NA,0,43.453719,-79.757534,37.8223043866628
"456",23,20,34,0,NA,0,43.453719,-79.757534,37.8223043866628
"457",24,1,71,94,NA,1.32394366197183,43.444847,-79.800063,41.1847066395757
"458",24,2,26,84,NA,3.23076923076923,43.444847,-79.800063,41.1847066395757
"459",24,3,40,19,NA,0.475,43.444847,-79.800063,41.1847066395757
"460",24,4,33,40,NA,1.21212121212121,43.444847,-79.800063,41.1847066395757
"461",24,5,24,52,NA,2.16666666666667,43.444847,-79.800063,41.1847066395757
"462",24,6,31,65,NA,2.09677419354839,43.444847,-79.800063,41.1847066395757
"463",24,7,40,104,NA,2.6,43.444847,-79.800063,41.1847066395757
"464",24,8,41,40,NA,0.975609756097561,43.444847,-79.800063,41.1847066395757
"465",24,9,28,70,NA,2.5,43.444847,-79.800063,41.1847066395757
"466",24,10,17,30,NA,1.76470588235294,43.444847,-79.800063,41.1847066395757
"467",24,11,55,57,NA,1.03636363636364,43.444847,-79.800063,41.1847066395757
"468",24,12,60,53,NA,0.883333333333333,43.444847,-79.800063,41.1847066395757
"469",24,13,44,70,NA,1.59090909090909,43.444847,-79.800063,41.1847066395757
"470",24,14,24,32,NA,1.33333333333333,43.444847,-79.800063,41.1847066395757
"471",24,15,47,76,NA,1.61702127659574,43.444847,-79.800063,41.1847066395757
"472",24,16,56,133,NA,2.375,43.444847,-79.800063,41.1847066395757
"473",24,17,22,19,NA,0.863636363636364,43.444847,-79.800063,41.1847066395757
"474",24,18,59,112,NA,1.89830508474576,43.444847,-79.800063,41.1847066395757
"475",24,19,55,116,NA,2.10909090909091,43.444847,-79.800063,41.1847066395757
"476",24,20,62,108,NA,1.74193548387097,43.444847,-79.800063,41.1847066395757
"477",25,1,19,4,NA,0.210526315789474,43.432349,-79.829473,43.9277637111173
"478",25,2,48,71,NA,1.47916666666667,43.432349,-79.829473,43.9277637111173
"479",25,3,40,51,NA,1.275,43.432349,-79.829473,43.9277637111173
"480",25,4,41,48,NA,1.17073170731707,43.432349,-79.829473,43.9277637111173
"481",25,5,15,8,NA,0.533333333333333,43.432349,-79.829473,43.9277637111173
"482",25,6,35,38,NA,1.08571428571429,43.432349,-79.829473,43.9277637111173
"483",25,7,44,45,NA,1.02272727272727,43.432349,-79.829473,43.9277637111173
"484",25,8,29,30,NA,1.03448275862069,43.432349,-79.829473,43.9277637111173
"485",25,9,68,61,NA,0.897058823529412,43.432349,-79.829473,43.9277637111173
"486",25,10,74,83,NA,1.12162162162162,43.432349,-79.829473,43.9277637111173
"487",25,11,36,67,NA,1.86111111111111,43.432349,-79.829473,43.9277637111173
"488",25,12,20,22,NA,1.1,43.432349,-79.829473,43.9277637111173
"489",25,13,58,46,NA,0.793103448275862,43.432349,-79.829473,43.9277637111173
"490",25,14,33,32,NA,0.96969696969697,43.432349,-79.829473,43.9277637111173
"491",25,15,23,24,NA,1.04347826086957,43.432349,-79.829473,43.9277637111173
"492",25,16,56,59,NA,1.05357142857143,43.432349,-79.829473,43.9277637111173
"493",25,17,60,59,NA,0.983333333333333,43.432349,-79.829473,43.9277637111173
"494",25,18,38,39,NA,1.02631578947368,43.432349,-79.829473,43.9277637111173
"495",25,19,41,73,NA,1.78048780487805,43.432349,-79.829473,43.9277637111173
"496",25,20,47,1,NA,0.0212765957446809,43.432349,-79.829473,43.9277637111173
"497",26,1,41,31,NA,0.75609756097561,43.414687,-79.832589,45.2754439759654
"498",26,2,20,25,NA,1.25,43.414687,-79.832589,45.2754439759654
"499",26,3,54,21,NA,0.388888888888889,43.414687,-79.832589,45.2754439759654
"500",26,4,20,1,NA,0.05,43.414687,-79.832589,45.2754439759654
"501",26,5,46,17,NA,0.369565217391304,43.414687,-79.832589,45.2754439759654
"502",26,6,41,31,NA,0.75609756097561,43.414687,-79.832589,45.2754439759654
"503",27,1,46,31,NA,0.673913043478261,43.400155,-79.848595,47.2791702568675
"504",27,2,27,24,NA,0.888888888888889,43.400155,-79.848595,47.2791702568675
"505",27,3,24,2,NA,0.0833333333333333,43.400155,-79.848595,47.2791702568675
"506",27,4,63,34,NA,0.53968253968254,43.400155,-79.848595,47.2791702568675
"507",27,5,42,37,NA,0.880952380952381,43.400155,-79.848595,47.2791702568675
"508",27,6,6,1,NA,0.166666666666667,43.400155,-79.848595,47.2791702568675
"509",27,7,27,16,NA,0.592592592592593,43.400155,-79.848595,47.2791702568675
"510",27,8,69,20,NA,0.289855072463768,43.400155,-79.848595,47.2791702568675
"511",27,9,23,7,NA,0.304347826086957,43.400155,-79.848595,47.2791702568675
"512",27,10,12,0,NA,0,43.400155,-79.848595,47.2791702568675
"513",27,11,39,1,NA,0.0256410256410256,43.400155,-79.848595,47.2791702568675
"514",27,12,40,0,NA,0,43.400155,-79.848595,47.2791702568675
"515",27,13,28,0,NA,0,43.400155,-79.848595,47.2791702568675
"516",27,14,23,19,NA,0.826086956521739,43.400155,-79.848595,47.2791702568675
"517",27,15,17,2,NA,0.117647058823529,43.400155,-79.848595,47.2791702568675
"518",27,16,32,22,NA,0.6875,43.400155,-79.848595,47.2791702568675
"519",27,17,37,55,NA,1.48648648648649,43.400155,-79.848595,47.2791702568675
"520",27,18,25,1,NA,0.04,43.400155,-79.848595,47.2791702568675
"521",27,19,47,38,NA,0.808510638297872,43.400155,-79.848595,47.2791702568675
"522",27,20,35,7,NA,0.2,43.400155,-79.848595,47.2791702568675
